{
    "HC3_ChatGPT.jsonl": 0.8839870361796415,
    "instruct.jsonl": 0.11601296382035849
}