{
    "HC3_ChatGPT.jsonl": 0.8333333333333334,
    "instruct.jsonl": 0.16666666666666666
}